ID,MaPhieu,HangMucChi,SoTien,GhiChu
CT001,TU2610-001,Vé xe khách khứ hồi Sài Gòn - Cần Thơ,600000,Vé Phương Trang cho 1 người
CT002,TU2610-001,Khách sạn lưu trú 2 đêm,1400000,Tiêu chuẩn 700.000đ/đêm
CT003,TU2610-001,Công tác phí lưu trú 3 ngày,1500000,500.000đ/ngày theo quy chế
CT004,TU2610-001,Chi phí tiếp khách đại lý Cần Thơ,1500000,Gặp gỡ 2 đại lý chính
CT005,TU2610-002,Ổ cứng chuyên dụng Enterprise SSD 2TB,7500000,2 ổ SSD Samsung PM883
CT006,TU2610-002,Thanh RAM Server DDR4 ECC 32GB,5000000,2 thanh 16GB ECC Registered
CT007,TU2610-003,Quà sinh nhật 16 nhân viên tháng 10,3200000,200.000đ/phần quà tặng
CT008,TU2610-004,Đặt cọc sảnh hội trường Workshop,5000000,Đặt cọc 50% theo hợp đồng
CT009,TU2610-004,In ấn banner standee và tài liệu,3000000,In ấn backdrop và tờ rơi giới thiệu
CT010,TU2610-005,Vé máy bay khứ hồi Hà Nội - Hải Phòng,2000000,Vietnam Airlines
CT011,TU2610-005,Bữa trưa làm việc cùng đối tác,2500000,Tiếp đại lý phân phối chính
