Email,HoTen,BoPhan,ChucVu,VaiTro,SoTaiKhoan,NganHang,EmailQuanLyTrucTiep
nguyenvana@congty.com,Nguyễn Văn An,Kinh Doanh,Chuyên viên kinh doanh,NhanVien,19036888889999,Techcombank,truongphong_kd@congty.com
tranvanb@congty.com,Trần Văn Bình,Kỹ Thuật,Kỹ sư phần mềm,NhanVien,0011004567890,Vietcombank,truongphong_kt@congty.com
lethic@congty.com,Lê Thị Cúc,Hành Chính Nhân Sự,Chuyên viên nhân sự,NhanVien,0451000123456,Vietcombank,truongphong_hcns@congty.com
phamvand@congty.com,Phạm Văn Dũng,Marketing,Trưởng nhóm Marketing,TruongBoPhan,102867899999,VietinBank,giamdoc@congty.com
hoangvane@congty.com,Hoàng Văn Em,Kinh Doanh,Nhân viên kinh doanh,NhanVien,970422998877,MB Bank,truongphong_kd@congty.com
truongphong_kd@congty.com,Vũ Đình Trọng,Kinh Doanh,Trưởng phòng Kinh Doanh,TruongBoPhan,19031122334455,Techcombank,giamdoc@congty.com
truongphong_kt@congty.com,Đỗ Quốc Tuấn,Kỹ Thuật,Trưởng phòng Kỹ Thuật,TruongBoPhan,0341005566778,Vietcombank,giamdoc@congty.com
truongphong_hcns@congty.com,Nguyễn Thị Hoa,Hành Chính Nhân Sự,Trưởng phòng HCNS,TruongBoPhan,2221000987654,BIDV,giamdoc@congty.com
ketoan@congty.com,Bùi Thu Trang,Kế Toán,Kế toán trưởng,KeToan,19028889990001,Techcombank,giamdoc@congty.com
thuquy@congty.com,Trần Thị Mai,Kế Toán,Thủ quỹ,KeToan,19039998887771,Techcombank,ketoan@congty.com
giamdoc@congty.com,Lê Hoàng Nam,Ban Giám Đốc,Tổng Giám Đốc,GiamDoc,0011009999999,Vietcombank,
